VM,Powerstate,Template,SRM Placeholder,Config status,DNS Name,Connection state,Guest state,Heartbeat,Consolidation Needed,PowerOn,Suspended To Memory,Suspend time,Suspend Interval,Creation date,Change Version,CPUs,Overall Cpu Readiness,Memory,Active Memory,NICs,Disks,Total disk capacity MiB,Fixed Passthru HotPlug,min Required EVC Mode Key,Latency Sensitivity,Op Notification Timeout,EnableUUID,CBT,Primary IP Address,Network #1,Network #2,Network #3,Network #4,Network #5,Network #6,Network #7,Network #8,Num Monitors,Video Ram KiB,Resource pool,Folder ID,Folder,vApp,DAS protection,FT State,FT Role,FT Latency,FT Bandwidth,FT Sec. Latency,Vm Failover In Progress,Provisioned MiB,In Use MiB,Unshared MiB,HA Restart Priority,HA Isolation Response,HA VM Monitoring,Cluster rule(s),Cluster rule name(s),Boot Required,Boot delay,Boot retry delay,Boot retry enabled,Boot BIOS setup,Reboot PowerOff,EFI Secure boot,Firmware,HW version,HW upgrade status,HW upgrade policy,HW target,Path,Log directory,Snapshot directory,Suspend directory,Annotation,Datacenter,Cluster,Host,OS according to the configuration file,OS according to the VMware Tools,Customization Info,Guest Detailed Data,VM ID,SMBIOS UUID,VM UUID,VI SDK Server type,VI SDK API Version,VI SDK Server,VI SDK UUID
VM-WRAS543,poweredOff,False,False,red,wras543.compute-b-beta.example.com,disconnected,shuttingdown,red,True,2023/04/22 16:18:10,False,,0,2022/09/05 14:46:37,cv-MYZ8s,2,46,3616,2768,1,1,60158,False,amd-piledriver,normal,406,False,True,92.195.144.250,VLAN_137,,,,,,,,1,4096,/DC-Beta/Compute-B_Beta/Resources/UserGeneratedPool,group-v609,/DC-Beta/vm/Discovered virtual machine,,Unknown,Not Configured,N/A,N/A,N/A,N/A,True,62802,19197,1945,Medium,None,VM Monitoring Disabled,,,True,0,10000,False,False,False,True,bios,vmx-15,Up-to-date,Never,,[datastore-sample] VM-WRAS543/VM-WRAS543.vmx,[datastore-sample] VM-WRAS543/,[datastore-sample] VM-WRAS543/,[datastore-sample] VM-WRAS543/,AI Generated VM: JsG4g4pjss,DC-Gamma,Compute-B_Gamma,esx01.compute-b-gamma.example.local,ubuntuLinux64Guest,Ubuntu Linux (64-bit),,,vm-1743,bc5ddc8f-05fe-462d-9fc0-f8c52d46e440,f59e59a3-904b-4b8b-9c45-c9ae7a8bbd67,VMware vCenter Server,7.0.3,227.137.203.213,270ffd48-0813-4fe2-933f-e34a602e6ecd
VM-MVXMW388,poweredOff,False,True,red,mvxmw388.mgmt-x-alpha.example.com,connected,running,red,False,2023/08/25 11:55:15,False,,0,2022/07/13 02:34:17,cv-qdPhn,4,80,3236,3734,2,1,29121,True,,high,349,True,False,30.154.98.222,VLAN_124,,,,,,,,2,16384,/DC-Alpha/Mgmt-X_Alpha/Resources/UserGeneratedPool,group-v416,/DC-Alpha/vm/Discovered virtual machine,,Disabled,Not Configured,N/A,N/A,N/A,N/A,True,72961,13608,6764,Medium,None,VM Monitoring Disabled,,,False,0,10000,True,False,True,True,efi,vmx-19,Up-to-date,Never,,[datastore-sample] VM-MVXMW388/VM-MVXMW388.vmx,[datastore-sample] VM-MVXMW388/,[datastore-sample] VM-MVXMW388/,[datastore-sample] VM-MVXMW388/,AI Generated VM: MAtLoBmIY0,DC-Gamma,Compute-B_Gamma,esx03.compute-b-gamma.example.local,ubuntuLinux64Guest,Ubuntu Linux (64-bit),,,vm-611,9259fe4a-c562-456d-983f-040e23dfeb04,2f4de489-eb2c-4ab2-96e7-f6c9607f125a,VMware vCenter Server,7.0.3,227.137.203.213,270ffd48-0813-4fe2-933f-e34a602e6ecd
VM-MUZE961,poweredOn,True,True,red,muze961.compute-b-delta.example.com,inaccessible,notrunning,gray,False,2024/05/05 07:47:05,False,,0,2022/02/02 00:27:22,cv-61fap,2,10,6136,2149,2,1,83904,False,,high,228,False,True,38.176.89.60,VLAN_143,,,,,,,,1,16384,/DC-Delta/Compute-B_Delta/Resources/UserGeneratedPool,group-v153,/DC-Delta/vm/Discovered virtual machine,,Unknown,Not Configured,N/A,N/A,N/A,N/A,False,66041,34589,7540,Medium,None,VM Monitoring Disabled,,,False,0,10000,False,True,True,True,bios,vmx-15,Up-to-date,Never,,[datastore-sample] VM-MUZE961/VM-MUZE961.vmx,[datastore-sample] VM-MUZE961/,[datastore-sample] VM-MUZE961/,[datastore-sample] VM-MUZE961/,AI Generated VM: mvJLnYQxyt,DC-Alpha,Compute-A_Alpha,esx01.compute-a-alpha.example.local,ubuntuLinux64Guest,Ubuntu Linux (64-bit),,,vm-9866,db20ea14-17b1-403d-ada9-88eff844e3cc,9d0e8855-bc64-4f1b-b35d-593fc530d0f3,VMware vCenter Server,7.0.3,227.137.203.213,270ffd48-0813-4fe2-933f-e34a602e6ecd
VM-WKWG252,poweredOff,True,True,red,wkwg252.compute-b-beta.example.com,inaccessible,running,red,False,2023/02/21 12:36:31,True,,0,2022/10/06 03:53:43,cv-P01Ik,1,65,3014,1260,1,1,36644,True,,normal,402,True,False,170.193.192.15,VLAN_118,,,,,,,,1,4096,/DC-Beta/Compute-B_Beta/Resources/UserGeneratedPool,group-v386,/DC-Beta/vm/Discovered virtual machine,,Disabled,Not Configured,N/A,N/A,N/A,N/A,False,86705,20104,5844,Medium,None,VM Monitoring Disabled,,,True,0,10000,False,True,False,True,bios,vmx-15,Up-to-date,Never,,[datastore-sample] VM-WKWG252/VM-WKWG252.vmx,[datastore-sample] VM-WKWG252/,[datastore-sample] VM-WKWG252/,[datastore-sample] VM-WKWG252/,AI Generated VM: hNVh1qweZL,DC-Beta,Mgmt-X_Beta,esx01.mgmt-x-beta.example.local,ubuntuLinux64Guest,Ubuntu Linux (64-bit),,,vm-9849,370b55d1-1ca7-4854-a97f-ecfda1b9994b,d239206f-be0b-4ba7-a952-cd94f59ae91e,VMware vCenter Server,7.0.3,227.137.203.213,270ffd48-0813-4fe2-933f-e34a602e6ecd
VM-MDOHR113,poweredOff,True,False,yellow,mdohr113.compute-b-gamma.example.com,invalid,shuttingdown,red,False,2024/09/18 00:10:38,False,,0,2022/12/16 08:14:03,cv-YUBYP,4,27,3124,3221,1,1,84479,False,,normal,318,False,True,127.62.214.26,VLAN_176,,,,,,,,2,8192,/DC-Gamma/Compute-B_Gamma/Resources/UserGeneratedPool,group-v734,/DC-Gamma/vm/Discovered virtual machine,,Unknown,Not Configured,N/A,N/A,N/A,N/A,True,74331,31369,2625,Medium,None,VM Monitoring Disabled,,,True,0,10000,False,True,True,False,bios,vmx-19,Up-to-date,Never,,[datastore-sample] VM-MDOHR113/VM-MDOHR113.vmx,[datastore-sample] VM-MDOHR113/,[datastore-sample] VM-MDOHR113/,[datastore-sample] VM-MDOHR113/,AI Generated VM: 6OT6tVcLGQ,DC-Beta,Compute-B_Beta,esx03.compute-b-beta.example.local,ubuntuLinux64Guest,Ubuntu Linux (64-bit),,,vm-6583,23235226-0b4d-4200-9925-48332e02dc0e,fcb7961b-3d05-4abe-8d38-53e0223bebe3,VMware vCenter Server,7.0.3,227.137.203.213,270ffd48-0813-4fe2-933f-e34a602e6ecd
