VM,Powerstate,Template,SRM Placeholder,NIC label,Adapter,Network,Switch,Connected,Starts Connected,Mac Address,Type,IPv4 Address,IPv6 Address,Direct Path IO,Internal Sort Column,Annotation,Datacenter,Cluster,Host,Folder,OS according to the configuration file,OS according to the VMware Tools,VM ID,VM UUID,VI SDK Server,VI SDK UUID
VM-WRAS543,poweredOff,False,False,Network adapter 1,VMXNET3,VLAN_257_Gamma,DSwitch_Gamma,False,False,B7:FF:A6:89:DE:60,ethernet,,,False,VM-WRAS543_0,AI Generated VM: JsG4g4pjss,DC-Gamma,Compute-B_Gamma,esx01.compute-b-gamma.example.local,/DC-Beta/vm/Discovered virtual machine,ubuntuLinux64Guest,Ubuntu Linux (64-bit),vm-1743,f59e59a3-904b-4b8b-9c45-c9ae7a8bbd67,227.137.203.213,270ffd48-0813-4fe2-933f-e34a602e6ecd
VM-MVXMW388,poweredOff,False,True,Network adapter 1,VMXNET3,VLAN_296_Gamma,DSwitch_Gamma,False,True,4B:81:93:2E:87:C7,ethernet,,,True,VM-MVXMW388_0,AI Generated VM: MAtLoBmIY0,DC-Gamma,Compute-B_Gamma,esx03.compute-b-gamma.example.local,/DC-Alpha/vm/Discovered virtual machine,ubuntuLinux64Guest,Ubuntu Linux (64-bit),vm-611,2f4de489-eb2c-4ab2-96e7-f6c9607f125a,227.137.203.213,270ffd48-0813-4fe2-933f-e34a602e6ecd
VM-MUZE961,poweredOn,True,True,Network adapter 1,VMXNET3,VLAN_251_Alpha,DSwitch_Alpha,True,False,BD:61:CE:53:A1:CA,ethernet,4.22.28.91,,False,VM-MUZE961_0,AI Generated VM: mvJLnYQxyt,DC-Alpha,Compute-A_Alpha,esx01.compute-a-alpha.example.local,/DC-Delta/vm/Discovered virtual machine,ubuntuLinux64Guest,Ubuntu Linux (64-bit),vm-9866,9d0e8855-bc64-4f1b-b35d-593fc530d0f3,227.137.203.213,270ffd48-0813-4fe2-933f-e34a602e6ecd
VM-MUZE961,poweredOn,True,True,Network adapter 2,E1000E,VLAN_270_Alpha,DSwitch_Alpha,False,True,96:34:16:7B:54:57,ethernet,,,False,VM-MUZE961_1,AI Generated VM: mvJLnYQxyt,DC-Alpha,Compute-A_Alpha,esx01.compute-a-alpha.example.local,/DC-Delta/vm/Discovered virtual machine,ubuntuLinux64Guest,Ubuntu Linux (64-bit),vm-9866,9d0e8855-bc64-4f1b-b35d-593fc530d0f3,227.137.203.213,270ffd48-0813-4fe2-933f-e34a602e6ecd
VM-WKWG252,poweredOff,True,True,Network adapter 1,E1000E,VLAN_266_Beta,DSwitch_Beta,True,True,6A:A5:14:B3:27:B1,ethernet,,,True,VM-WKWG252_0,AI Generated VM: hNVh1qweZL,DC-Beta,Mgmt-X_Beta,esx01.mgmt-x-beta.example.local,/DC-Beta/vm/Discovered virtual machine,ubuntuLinux64Guest,Ubuntu Linux (64-bit),vm-9849,d239206f-be0b-4ba7-a952-cd94f59ae91e,227.137.203.213,270ffd48-0813-4fe2-933f-e34a602e6ecd
VM-WKWG252,poweredOff,True,True,Network adapter 2,E1000E,VLAN_280_Beta,DSwitch_Beta,False,False,A6:EC:B8:98:C2:A9,ethernet,,,False,VM-WKWG252_1,AI Generated VM: hNVh1qweZL,DC-Beta,Mgmt-X_Beta,esx01.mgmt-x-beta.example.local,/DC-Beta/vm/Discovered virtual machine,ubuntuLinux64Guest,Ubuntu Linux (64-bit),vm-9849,d239206f-be0b-4ba7-a952-cd94f59ae91e,227.137.203.213,270ffd48-0813-4fe2-933f-e34a602e6ecd
VM-MDOHR113,poweredOff,True,False,Network adapter 1,E1000E,VLAN_285_Beta,DSwitch_Beta,False,True,6F:13:E5:47:DD:F3,ethernet,,,True,VM-MDOHR113_0,AI Generated VM: 6OT6tVcLGQ,DC-Beta,Compute-B_Beta,esx03.compute-b-beta.example.local,/DC-Gamma/vm/Discovered virtual machine,ubuntuLinux64Guest,Ubuntu Linux (64-bit),vm-6583,fcb7961b-3d05-4abe-8d38-53e0223bebe3,227.137.203.213,270ffd48-0813-4fe2-933f-e34a602e6ecd
