VM,Powerstate,Template,SRM Placeholder,Disk,Disk Key,Disk UUID,Disk Path,Capacity MiB,Raw,Disk Mode,Sharing mode,Thin,Eagerly Scrub,Split,Write Through,Level,Shares,Reservation,Limit,Controller,Label,SCSI Unit #,Unit #,Shared Bus,Path,Raw LUN ID,Raw Comp. Mode,Internal Sort Column,Annotation,Datacenter,Cluster,Host,Folder,OS according to the configuration file,OS according to the VMware Tools,VM ID,VM UUID,VI SDK Server,VI SDK UUID
VM-WRAS543,poweredOff,False,False,Hard disk 1,2000,33b78d16-7848-4b59-979b-fa0abf6c175f,[datastore-3-compute-b] VM-WRAS543/VM-WRAS543_0.vmdk,54686,False,persistent,nobussharing,False,False,True,True,359,934,997,881,NVMe controller 0,DiskLabel_0,0,0,No Sharing,[datastore-3-compute-b] VM-WRAS543/VM-WRAS543_0.vmdk,,,,AI Generated VM: JsG4g4pjss,DC-Gamma,Compute-B_Gamma,esx01.compute-b-gamma.example.local,/DC-Beta/vm/Discovered virtual machine,ubuntuLinux64Guest,Ubuntu Linux (64-bit),vm-1743,f59e59a3-904b-4b8b-9c45-c9ae7a8bbd67,227.137.203.213,270ffd48-0813-4fe2-933f-e34a602e6ecd
VM-WRAS543,poweredOff,False,False,Hard disk 2,2001,347d7926-e110-4733-884b-4fca95a415c5,[datastore-3-compute-b] VM-WRAS543/VM-WRAS543_1.vmdk,47242,True,persistent,nobussharing,False,True,False,False,772,908,694,464,SCSI controller 0,DiskLabel_1,1,1,No Sharing,[datastore-3-compute-b] VM-WRAS543/VM-WRAS543_1.vmdk,,,,AI Generated VM: JsG4g4pjss,DC-Gamma,Compute-B_Gamma,esx01.compute-b-gamma.example.local,/DC-Beta/vm/Discovered virtual machine,ubuntuLinux64Guest,Ubuntu Linux (64-bit),vm-1743,f59e59a3-904b-4b8b-9c45-c9ae7a8bbd67,227.137.203.213,270ffd48-0813-4fe2-933f-e34a602e6ecd
VM-WRAS543,poweredOff,False,False,Hard disk 3,2002,851df92a-b05d-4442-94c6-e420bb70d0da,[datastore-3-compute-b] VM-WRAS543/VM-WRAS543_2.vmdk,184537,False,persistent,nobussharing,True,True,False,True,162,282,745,789,SCSI controller 0,DiskLabel_2,2,2,No Sharing,[datastore-3-compute-b] VM-WRAS543/VM-WRAS543_2.vmdk,,,,AI Generated VM: JsG4g4pjss,DC-Gamma,Compute-B_Gamma,esx01.compute-b-gamma.example.local,/DC-Beta/vm/Discovered virtual machine,ubuntuLinux64Guest,Ubuntu Linux (64-bit),vm-1743,f59e59a3-904b-4b8b-9c45-c9ae7a8bbd67,227.137.203.213,270ffd48-0813-4fe2-933f-e34a602e6ecd
VM-MVXMW388,poweredOff,False,True,Hard disk 1,2000,4123bc44-1fd9-417b-9f56-cf6046d454a2,[datastore-3-compute-b] VM-MVXMW388/VM-MVXMW388_0.vmdk,110196,True,independent_persistent,nobussharing,False,True,False,False,110,425,335,512,NVMe controller 0,DiskLabel_0,0,0,No Sharing,[datastore-3-compute-b] VM-MVXMW388/VM-MVXMW388_0.vmdk,,,,AI Generated VM: MAtLoBmIY0,DC-Gamma,Compute-B_Gamma,esx03.compute-b-gamma.example.local,/DC-Alpha/vm/Discovered virtual machine,ubuntuLinux64Guest,Ubuntu Linux (64-bit),vm-611,2f4de489-eb2c-4ab2-96e7-f6c9607f125a,227.137.203.213,270ffd48-0813-4fe2-933f-e34a602e6ecd
VM-MUZE961,poweredOn,True,True,Hard disk 1,2000,7c69246d-6444-4631-b45b-f484276903dd,[datastore-2-compute-a] VM-MUZE961/VM-MUZE961_0.vmdk,82972,False,persistent,nobussharing,True,True,False,False,79,59,551,6,SCSI controller 0,DiskLabel_0,0,0,No Sharing,[datastore-2-compute-a] VM-MUZE961/VM-MUZE961_0.vmdk,,,,AI Generated VM: mvJLnYQxyt,DC-Alpha,Compute-A_Alpha,esx01.compute-a-alpha.example.local,/DC-Delta/vm/Discovered virtual machine,ubuntuLinux64Guest,Ubuntu Linux (64-bit),vm-9866,9d0e8855-bc64-4f1b-b35d-593fc530d0f3,227.137.203.213,270ffd48-0813-4fe2-933f-e34a602e6ecd
VM-WKWG252,poweredOff,True,True,Hard disk 1,2000,da9a1faa-d84d-45fd-8f8e-8c28cdb04c93,[datastore-4-mgmt-x] VM-WKWG252/VM-WKWG252_0.vmdk,183338,True,persistent,nobussharing,True,False,False,False,539,427,339,591,NVMe controller 0,DiskLabel_0,0,0,No Sharing,[datastore-4-mgmt-x] VM-WKWG252/VM-WKWG252_0.vmdk,,,,AI Generated VM: hNVh1qweZL,DC-Beta,Mgmt-X_Beta,esx01.mgmt-x-beta.example.local,/DC-Beta/vm/Discovered virtual machine,ubuntuLinux64Guest,Ubuntu Linux (64-bit),vm-9849,d239206f-be0b-4ba7-a952-cd94f59ae91e,227.137.203.213,270ffd48-0813-4fe2-933f-e34a602e6ecd
VM-MDOHR113,poweredOff,True,False,Hard disk 1,2000,565dfbe0-bfe9-4b8d-a3fc-ca8f2c779c4c,[datastore-1-compute-b] VM-MDOHR113/VM-MDOHR113_0.vmdk,184007,False,independent_persistent,nobussharing,False,True,False,False,284,868,558,179,NVMe controller 0,DiskLabel_0,0,0,No Sharing,[datastore-1-compute-b] VM-MDOHR113/VM-MDOHR113_0.vmdk,,,,AI Generated VM: 6OT6tVcLGQ,DC-Beta,Compute-B_Beta,esx03.compute-b-beta.example.local,/DC-Gamma/vm/Discovered virtual machine,ubuntuLinux64Guest,Ubuntu Linux (64-bit),vm-6583,fcb7961b-3d05-4abe-8d38-53e0223bebe3,227.137.203.213,270ffd48-0813-4fe2-933f-e34a602e6ecd
VM-MDOHR113,poweredOff,True,False,Hard disk 2,2001,5fee4876-d1ee-4361-9fbb-9fb3dd843750,[datastore-1-compute-b] VM-MDOHR113/VM-MDOHR113_1.vmdk,131028,False,independent_persistent,nobussharing,False,False,False,False,913,960,405,919,SCSI controller 0,DiskLabel_1,1,1,No Sharing,[datastore-1-compute-b] VM-MDOHR113/VM-MDOHR113_1.vmdk,,,,AI Generated VM: 6OT6tVcLGQ,DC-Beta,Compute-B_Beta,esx03.compute-b-beta.example.local,/DC-Gamma/vm/Discovered virtual machine,ubuntuLinux64Guest,Ubuntu Linux (64-bit),vm-6583,fcb7961b-3d05-4abe-8d38-53e0223bebe3,227.137.203.213,270ffd48-0813-4fe2-933f-e34a602e6ecd
VM-MDOHR113,poweredOff,True,False,Hard disk 3,2002,e418c0bf-cba7-49c9-86cc-69fa463c902e,[datastore-1-compute-b] VM-MDOHR113/VM-MDOHR113_2.vmdk,116910,True,persistent,nobussharing,False,True,True,False,874,884,82,194,SCSI controller 0,DiskLabel_2,2,2,No Sharing,[datastore-1-compute-b] VM-MDOHR113/VM-MDOHR113_2.vmdk,,,,AI Generated VM: 6OT6tVcLGQ,DC-Beta,Compute-B_Beta,esx03.compute-b-beta.example.local,/DC-Gamma/vm/Discovered virtual machine,ubuntuLinux64Guest,Ubuntu Linux (64-bit),vm-6583,fcb7961b-3d05-4abe-8d38-53e0223bebe3,227.137.203.213,270ffd48-0813-4fe2-933f-e34a602e6ecd
