VM,Powerstate,Template,SRM Placeholder,CPUs,Sockets,Cores p/s,Max,Overall,Level,Shares,Reservation,Entitlement,DRS Entitlement,Limit,Hot Add,Hot Remove,Numa Hotadd Exposed,Annotation,Datacenter,Cluster,Host,Folder,OS according to the configuration file,OS according to the VMware Tools,VM ID,VM UUID,VI SDK Server,VI SDK UUID
VM-WRAS543,poweredOff,False,False,2,1,2,398,437,custom,2654,1969,632,559,1243,False,True,True,AI Generated VM: JsG4g4pjss,DC-Gamma,Compute-B_Gamma,esx01.compute-b-gamma.example.local,/DC-Beta/vm/Discovered virtual machine,ubuntuLinux64Guest,Ubuntu Linux (64-bit),vm-1743,f59e59a3-904b-4b8b-9c45-c9ae7a8bbd67,227.137.203.213,270ffd48-0813-4fe2-933f-e34a602e6ecd
VM-MVXMW388,poweredOff,False,True,4,4,1,1022,1798,custom,15480,425,863,1574,1648,True,False,True,AI Generated VM: MAtLoBmIY0,DC-Gamma,Compute-B_Gamma,esx03.compute-b-gamma.example.local,/DC-Alpha/vm/Discovered virtual machine,ubuntuLinux64Guest,Ubuntu Linux (64-bit),vm-611,2f4de489-eb2c-4ab2-96e7-f6c9607f125a,227.137.203.213,270ffd48-0813-4fe2-933f-e34a602e6ecd
VM-MUZE961,poweredOn,True,True,2,2,1,1195,931,low,1360,1555,1755,1682,1677,True,True,True,AI Generated VM: mvJLnYQxyt,DC-Alpha,Compute-A_Alpha,esx01.compute-a-alpha.example.local,/DC-Delta/vm/Discovered virtual machine,ubuntuLinux64Guest,Ubuntu Linux (64-bit),vm-9866,9d0e8855-bc64-4f1b-b35d-593fc530d0f3,227.137.203.213,270ffd48-0813-4fe2-933f-e34a602e6ecd
VM-WKWG252,poweredOff,True,True,1,1,1,515,21,low,3071,630,1258,1822,1201,False,False,False,AI Generated VM: hNVh1qweZL,DC-Beta,Mgmt-X_Beta,esx01.mgmt-x-beta.example.local,/DC-Beta/vm/Discovered virtual machine,ubuntuLinux64Guest,Ubuntu Linux (64-bit),vm-9849,d239206f-be0b-4ba7-a952-cd94f59ae91e,227.137.203.213,270ffd48-0813-4fe2-933f-e34a602e6ecd
VM-MDOHR113,poweredOff,True,False,4,2,2,859,661,low,15600,360,990,1860,929,True,True,False,AI Generated VM: 6OT6tVcLGQ,DC-Beta,Compute-B_Beta,esx03.compute-b-beta.example.local,/DC-Gamma/vm/Discovered virtual machine,ubuntuLinux64Guest,Ubuntu Linux (64-bit),vm-6583,fcb7961b-3d05-4abe-8d38-53e0223bebe3,227.137.203.213,270ffd48-0813-4fe2-933f-e34a602e6ecd
