VM,Powerstate,Template,SRM Placeholder,CPUs,Sockets,Cores p/s,Max,Overall,Level,Shares,Reservation,Entitlement,DRS Entitlement,Limit,Hot Add,Hot Remove,Numa Hotadd Exposed,Annotation,Datacenter,Cluster,Host,Folder,OS according to the configuration file,OS according to the VMware Tools,VM ID,VM UUID,VI SDK Server,VI SDK UUID
VM-IGSHI493,suspended,False,True,1,1,1,1905,518,high,2857,1313,1311,1116,1512,False,True,True,AI Generated VM: sDCpooaVkN,DC-Gamma,Compute-A_Gamma,esx02.compute-a-gamma.example.local,/DC-Alpha/vm/Discovered virtual machine,ubuntuLinux64Guest,Ubuntu Linux (64-bit),vm-4324,14eb4b55-8537-4769-81ed-77c746c7e9a0,181.21.137.36,b6f240f2-d0a2-41bd-ac10-29f6ec2a6aa6
VM-CAZO073,poweredOn,False,True,2,2,1,1949,399,normal,6156,1136,1167,1769,1193,True,True,True,AI Generated VM: 4KIhYQ0JeC,DC-Delta,Mgmt-X_Delta,esx01.mgmt-x-delta.example.local,/DC-Gamma/vm/Discovered virtual machine,ubuntuLinux64Guest,Ubuntu Linux (64-bit),vm-8632,0ba783b7-e4bc-4dcd-8551-02e1a505222d,181.21.137.36,b6f240f2-d0a2-41bd-ac10-29f6ec2a6aa6
VM-UYJAP15,poweredOff,True,True,1,1,1,1873,472,low,1504,507,1336,51,290,True,True,True,AI Generated VM: ROOslfubBq,DC-Beta,Compute-B_Beta,esx01.compute-b-beta.example.local,/DC-Beta/vm/Discovered virtual machine,ubuntuLinux64Guest,Ubuntu Linux (64-bit),vm-7931,abefda53-123b-4f53-9445-e58c475895bb,181.21.137.36,b6f240f2-d0a2-41bd-ac10-29f6ec2a6aa6
VM-HMFVX91,poweredOff,False,True,4,2,2,1063,29,high,4056,121,790,35,1250,False,False,False,AI Generated VM: qTtAY1oi1G,DC-Gamma,Compute-A_Gamma,esx03.compute-a-gamma.example.local,/DC-Gamma/vm/Discovered virtual machine,ubuntuLinux64Guest,Ubuntu Linux (64-bit),vm-5139,ab396f25-2146-4040-896e-9e3f9d21250b,181.21.137.36,b6f240f2-d0a2-41bd-ac10-29f6ec2a6aa6
VM-XCBNW074,poweredOff,True,False,1,1,1,261,146,normal,693,1507,324,7,1130,True,False,True,AI Generated VM: mfyqMbqQKk,DC-Gamma,Compute-A_Gamma,esx02.compute-a-gamma.example.local,/DC-Alpha/vm/Discovered virtual machine,ubuntuLinux64Guest,Ubuntu Linux (64-bit),vm-460,628696b2-7b48-4a88-8e2f-c01be675dbd2,181.21.137.36,b6f240f2-d0a2-41bd-ac10-29f6ec2a6aa6
