VM,Powerstate,Template,SRM Placeholder,NIC label,Adapter,Network,Switch,Connected,Starts Connected,Mac Address,Type,IPv4 Address,IPv6 Address,Direct Path IO,Internal Sort Column,Annotation,Datacenter,Cluster,Host,Folder,OS according to the configuration file,OS according to the VMware Tools,VM ID,VM UUID,VI SDK Server,VI SDK UUID
VM-IGSHI493,suspended,False,True,Network adapter 1,VMXNET3,VLAN_211_Gamma,DSwitch_Gamma,False,False,AC:6E:FE:30:9A:EA,ethernet,,,False,VM-IGSHI493_0,AI Generated VM: sDCpooaVkN,DC-Gamma,Compute-A_Gamma,esx02.compute-a-gamma.example.local,/DC-Alpha/vm/Discovered virtual machine,ubuntuLinux64Guest,Ubuntu Linux (64-bit),vm-4324,14eb4b55-8537-4769-81ed-77c746c7e9a0,181.21.137.36,b6f240f2-d0a2-41bd-ac10-29f6ec2a6aa6
VM-IGSHI493,suspended,False,True,Network adapter 2,VMXNET3,VLAN_288_Gamma,DSwitch_Gamma,False,False,D1:2A:2B:E2:C0:60,ethernet,,,True,VM-IGSHI493_1,AI Generated VM: sDCpooaVkN,DC-Gamma,Compute-A_Gamma,esx02.compute-a-gamma.example.local,/DC-Alpha/vm/Discovered virtual machine,ubuntuLinux64Guest,Ubuntu Linux (64-bit),vm-4324,14eb4b55-8537-4769-81ed-77c746c7e9a0,181.21.137.36,b6f240f2-d0a2-41bd-ac10-29f6ec2a6aa6
VM-CAZO073,poweredOn,False,True,Network adapter 1,VMXNET3,VLAN_208_Delta,DSwitch_Delta,False,False,CB:EA:78:76:DC:B1,ethernet,,,False,VM-CAZO073_0,AI Generated VM: 4KIhYQ0JeC,DC-Delta,Mgmt-X_Delta,esx01.mgmt-x-delta.example.local,/DC-Gamma/vm/Discovered virtual machine,ubuntuLinux64Guest,Ubuntu Linux (64-bit),vm-8632,0ba783b7-e4bc-4dcd-8551-02e1a505222d,181.21.137.36,b6f240f2-d0a2-41bd-ac10-29f6ec2a6aa6
VM-UYJAP15,poweredOff,True,True,Network adapter 1,VMXNET3,VLAN_251_Beta,DSwitch_Beta,False,True,DC:3C:32:0A:1C:18,ethernet,,,False,VM-UYJAP15_0,AI Generated VM: ROOslfubBq,DC-Beta,Compute-B_Beta,esx01.compute-b-beta.example.local,/DC-Beta/vm/Discovered virtual machine,ubuntuLinux64Guest,Ubuntu Linux (64-bit),vm-7931,abefda53-123b-4f53-9445-e58c475895bb,181.21.137.36,b6f240f2-d0a2-41bd-ac10-29f6ec2a6aa6
VM-UYJAP15,poweredOff,True,True,Network adapter 2,VMXNET3,VLAN_204_Beta,DSwitch_Beta,True,False,BA:B8:6E:4E:BA:77,ethernet,,,False,VM-UYJAP15_1,AI Generated VM: ROOslfubBq,DC-Beta,Compute-B_Beta,esx01.compute-b-beta.example.local,/DC-Beta/vm/Discovered virtual machine,ubuntuLinux64Guest,Ubuntu Linux (64-bit),vm-7931,abefda53-123b-4f53-9445-e58c475895bb,181.21.137.36,b6f240f2-d0a2-41bd-ac10-29f6ec2a6aa6
VM-HMFVX91,poweredOff,False,True,Network adapter 1,VMXNET3,VLAN_224_Gamma,DSwitch_Gamma,False,False,33:4E:77:4D:D9:21,ethernet,,,False,VM-HMFVX91_0,AI Generated VM: qTtAY1oi1G,DC-Gamma,Compute-A_Gamma,esx03.compute-a-gamma.example.local,/DC-Gamma/vm/Discovered virtual machine,ubuntuLinux64Guest,Ubuntu Linux (64-bit),vm-5139,ab396f25-2146-4040-896e-9e3f9d21250b,181.21.137.36,b6f240f2-d0a2-41bd-ac10-29f6ec2a6aa6
VM-XCBNW074,poweredOff,True,False,Network adapter 1,VMXNET3,VLAN_231_Gamma,DSwitch_Gamma,True,True,36:B6:9D:FB:A0:FF,ethernet,,,True,VM-XCBNW074_0,AI Generated VM: mfyqMbqQKk,DC-Gamma,Compute-A_Gamma,esx02.compute-a-gamma.example.local,/DC-Alpha/vm/Discovered virtual machine,ubuntuLinux64Guest,Ubuntu Linux (64-bit),vm-460,628696b2-7b48-4a88-8e2f-c01be675dbd2,181.21.137.36,b6f240f2-d0a2-41bd-ac10-29f6ec2a6aa6
