VM,Powerstate,Template,SRM Placeholder,Size MiB,Memory Reservation Locked To Max,Overhead,Max,Consumed,Consumed Overhead,Private,Shared,Swapped,Ballooned,Active,Entitlement,DRS Entitlement,Level,Shares,Reservation,Limit,Hot Add,Annotation,Datacenter,Cluster,Host,Folder,OS according to the configuration file,OS according to the VMware Tools,VM ID,VM UUID,VI SDK Server,VI SDK UUID
VM-IGSHI493,suspended,False,True,5967,False,422,3057,4645,77,4958,5622,1068,3489,2160,135,3939,high,101439,5728,3888,True,AI Generated VM: sDCpooaVkN,DC-Gamma,Compute-A_Gamma,esx02.compute-a-gamma.example.local,/DC-Alpha/vm/Discovered virtual machine,ubuntuLinux64Guest,Ubuntu Linux (64-bit),vm-4324,14eb4b55-8537-4769-81ed-77c746c7e9a0,181.21.137.36,b6f240f2-d0a2-41bd-ac10-29f6ec2a6aa6
VM-CAZO073,poweredOn,False,True,2862,True,289,1827,268,345,287,1774,2175,2295,2073,1923,140,custom,140238,1966,908,True,AI Generated VM: 4KIhYQ0JeC,DC-Delta,Mgmt-X_Delta,esx01.mgmt-x-delta.example.local,/DC-Gamma/vm/Discovered virtual machine,ubuntuLinux64Guest,Ubuntu Linux (64-bit),vm-8632,0ba783b7-e4bc-4dcd-8551-02e1a505222d,181.21.137.36,b6f240f2-d0a2-41bd-ac10-29f6ec2a6aa6
VM-UYJAP15,poweredOff,True,True,3176,True,170,2408,2335,443,602,2823,1032,1358,1897,1119,1069,normal,254080,1701,935,True,AI Generated VM: ROOslfubBq,DC-Beta,Compute-B_Beta,esx01.compute-b-beta.example.local,/DC-Beta/vm/Discovered virtual machine,ubuntuLinux64Guest,Ubuntu Linux (64-bit),vm-7931,abefda53-123b-4f53-9445-e58c475895bb,181.21.137.36,b6f240f2-d0a2-41bd-ac10-29f6ec2a6aa6
VM-HMFVX91,poweredOff,False,True,6744,True,331,6081,5389,474,606,3517,4693,6177,6406,4123,2051,custom,586728,48,6664,True,AI Generated VM: qTtAY1oi1G,DC-Gamma,Compute-A_Gamma,esx03.compute-a-gamma.example.local,/DC-Gamma/vm/Discovered virtual machine,ubuntuLinux64Guest,Ubuntu Linux (64-bit),vm-5139,ab396f25-2146-4040-896e-9e3f9d21250b,181.21.137.36,b6f240f2-d0a2-41bd-ac10-29f6ec2a6aa6
VM-XCBNW074,poweredOff,True,False,2689,False,167,300,175,309,2501,1815,1405,1292,1317,2292,2313,normal,207053,469,1525,False,AI Generated VM: mfyqMbqQKk,DC-Gamma,Compute-A_Gamma,esx02.compute-a-gamma.example.local,/DC-Alpha/vm/Discovered virtual machine,ubuntuLinux64Guest,Ubuntu Linux (64-bit),vm-460,628696b2-7b48-4a88-8e2f-c01be675dbd2,181.21.137.36,b6f240f2-d0a2-41bd-ac10-29f6ec2a6aa6
