VM,Powerstate,Template,SRM Placeholder,Size MiB,Memory Reservation Locked To Max,Overhead,Max,Consumed,Consumed Overhead,Private,Shared,Swapped,Ballooned,Active,Entitlement,DRS Entitlement,Level,Shares,Reservation,Limit,Hot Add,Annotation,Datacenter,Cluster,Host,Folder,OS according to the configuration file,OS according to the VMware Tools,VM ID,VM UUID,VI SDK Server,VI SDK UUID
VM-WRAS543,poweredOff,False,False,3616,True,350,2042,1838,319,1038,3588,200,1128,2976,2965,2401,low,126560,793,2988,False,AI Generated VM: JsG4g4pjss,DC-Gamma,Compute-B_Gamma,esx01.compute-b-gamma.example.local,/DC-Beta/vm/Discovered virtual machine,ubuntuLinux64Guest,Ubuntu Linux (64-bit),vm-1743,f59e59a3-904b-4b8b-9c45-c9ae7a8bbd67,227.137.203.213,270ffd48-0813-4fe2-933f-e34a602e6ecd
VM-MVXMW388,poweredOff,False,True,3236,True,67,1963,182,124,3166,735,1441,1455,2323,2741,356,custom,236228,251,273,True,AI Generated VM: MAtLoBmIY0,DC-Gamma,Compute-B_Gamma,esx03.compute-b-gamma.example.local,/DC-Alpha/vm/Discovered virtual machine,ubuntuLinux64Guest,Ubuntu Linux (64-bit),vm-611,2f4de489-eb2c-4ab2-96e7-f6c9607f125a,227.137.203.213,270ffd48-0813-4fe2-933f-e34a602e6ecd
VM-MUZE961,poweredOn,True,True,6136,False,218,696,650,122,3882,3821,2151,3249,588,4361,5022,normal,429520,3361,3465,True,AI Generated VM: mvJLnYQxyt,DC-Alpha,Compute-A_Alpha,esx01.compute-a-alpha.example.local,/DC-Delta/vm/Discovered virtual machine,ubuntuLinux64Guest,Ubuntu Linux (64-bit),vm-9866,9d0e8855-bc64-4f1b-b35d-593fc530d0f3,227.137.203.213,270ffd48-0813-4fe2-933f-e34a602e6ecd
VM-WKWG252,poweredOff,True,True,3014,False,274,2591,690,229,2908,399,2655,2959,1919,814,1656,high,280302,2223,984,False,AI Generated VM: hNVh1qweZL,DC-Beta,Mgmt-X_Beta,esx01.mgmt-x-beta.example.local,/DC-Beta/vm/Discovered virtual machine,ubuntuLinux64Guest,Ubuntu Linux (64-bit),vm-9849,d239206f-be0b-4ba7-a952-cd94f59ae91e,227.137.203.213,270ffd48-0813-4fe2-933f-e34a602e6ecd
VM-MDOHR113,poweredOff,True,False,3124,False,149,1206,723,187,1405,3101,96,1950,1110,2656,2500,high,296780,2665,1757,True,AI Generated VM: 6OT6tVcLGQ,DC-Beta,Compute-B_Beta,esx03.compute-b-beta.example.local,/DC-Gamma/vm/Discovered virtual machine,ubuntuLinux64Guest,Ubuntu Linux (64-bit),vm-6583,fcb7961b-3d05-4abe-8d38-53e0223bebe3,227.137.203.213,270ffd48-0813-4fe2-933f-e34a602e6ecd
